sample	read1	read2
BXTO_81_S16_L003	/cluster/projects/livingbank/data/Cescon_PDX/fastq/Exome_data/190620_D00165_0295_ACDPH5ANXX_Cescon_Abdel/BXTO_81_S16_L003_R1_001.fastq.gz	/cluster/projects/livingbank/data/Cescon_PDX/fastq/Exome_data/190620_D00165_0295_ACDPH5ANXX_Cescon_Abdel/BXTO_81_S16_L003_R2_001.fastq.gz
BXTO_64_S15_L003	/cluster/projects/livingbank/data/Cescon_PDX/fastq/Exome_data/190620_D00165_0295_ACDPH5ANXX_Cescon_Abdel/BXTO_64_S15_L003_R1_001.fastq.gz	/cluster/projects/livingbank/data/Cescon_PDX/fastq/Exome_data/190620_D00165_0295_ACDPH5ANXX_Cescon_Abdel/BXTO_64_S15_L003_R2_001.fastq.gz
100672_P1_S13_L003	/cluster/projects/livingbank/data/Cescon_PDX/fastq/Exome_data/190620_D00165_0295_ACDPH5ANXX_Cescon_Abdel/100672_P1_S13_L003_R1_001.fastq.gz	/cluster/projects/livingbank/data/Cescon_PDX/fastq/Exome_data/190620_D00165_0295_ACDPH5ANXX_Cescon_Abdel/100672_P1_S13_L003_R2_001.fastq.gz
REF-S-036_P1_S14_L003	/cluster/projects/livingbank/data/Cescon_PDX/fastq/Exome_data/190620_D00165_0295_ACDPH5ANXX_Cescon_Abdel/REF-S-036_P1_S14_L003_R1_001.fastq.gz	/cluster/projects/livingbank/data/Cescon_PDX/fastq/Exome_data/190620_D00165_0295_ACDPH5ANXX_Cescon_Abdel/REF-S-036_P1_S14_L003_R2_001.fastq.gz
DCPTOB_19_S17_L003	/cluster/projects/livingbank/data/Cescon_PDX/fastq/Exome_data/190620_D00165_0295_ACDPH5ANXX_Cescon_Abdel/DCPTOB_19_S17_L003_R1_001.fastq.gz	/cluster/projects/livingbank/data/Cescon_PDX/fastq/Exome_data/190620_D00165_0295_ACDPH5ANXX_Cescon_Abdel/DCPTOB_19_S17_L003_R2_001.fastq.gz
Cescon_ex_18_TGGCTT_L002	/cluster/projects/livingbank/data/Cescon_PDX/fastq/Exome_data/170214_D00353_0185_BCAJ34ANXX_Carl_Natalie/Sample_Cescon_ex_18/Cescon_ex_18_TGGCTT_L002_R1.fastq.gz	/cluster/projects/livingbank/data/Cescon_PDX/fastq/Exome_data/170214_D00353_0185_BCAJ34ANXX_Carl_Natalie/Sample_Cescon_ex_18/Cescon_ex_18_TGGCTT_L002_R2.fastq.gz
Cescon_ex_20_CAAGAC_L003	/cluster/projects/livingbank/data/Cescon_PDX/fastq/Exome_data/170214_D00353_0185_BCAJ34ANXX_Carl_Natalie/Sample_Cescon_ex_20/Cescon_ex_20_CAAGAC_L003_R1.fastq.gz	/cluster/projects/livingbank/data/Cescon_PDX/fastq/Exome_data/170214_D00353_0185_BCAJ34ANXX_Carl_Natalie/Sample_Cescon_ex_20/Cescon_ex_20_CAAGAC_L003_R2.fastq.gz
Cescon_ex_16_ACAGAT_L001	/cluster/projects/livingbank/data/Cescon_PDX/fastq/Exome_data/170214_D00353_0185_BCAJ34ANXX_Carl_Natalie/Sample_Cescon_ex_16/Cescon_ex_16_ACAGAT_L001_R1.fastq.gz	/cluster/projects/livingbank/data/Cescon_PDX/fastq/Exome_data/170214_D00353_0185_BCAJ34ANXX_Carl_Natalie/Sample_Cescon_ex_16/Cescon_ex_16_ACAGAT_L001_R2.fastq.gz
Cescon_ex_19_CGACTG_L002	/cluster/projects/livingbank/data/Cescon_PDX/fastq/Exome_data/170214_D00353_0185_BCAJ34ANXX_Carl_Natalie/Sample_Cescon_ex_19/Cescon_ex_19_CGACTG_L002_R1.fastq.gz	/cluster/projects/livingbank/data/Cescon_PDX/fastq/Exome_data/170214_D00353_0185_BCAJ34ANXX_Carl_Natalie/Sample_Cescon_ex_19/Cescon_ex_19_CGACTG_L002_R2.fastq.gz
Cescon_ex_17_CCAGTT_L001	/cluster/projects/livingbank/data/Cescon_PDX/fastq/Exome_data/170214_D00353_0185_BCAJ34ANXX_Carl_Natalie/Sample_Cescon_ex_17/Cescon_ex_17_CCAGTT_L001_R1.fastq.gz	/cluster/projects/livingbank/data/Cescon_PDX/fastq/Exome_data/170214_D00353_0185_BCAJ34ANXX_Carl_Natalie/Sample_Cescon_ex_17/Cescon_ex_17_CCAGTT_L001_R2.fastq.gz
47904_AGATGT_L006	/cluster/projects/livingbank/data/Cescon_PDX/fastq/Exome_data/170127_D00343_0158_BCACCTANXX_Cescon/Sample_47904/47904_AGATGT_L006_R1.fastq.gz	/cluster/projects/livingbank/data/Cescon_PDX/fastq/Exome_data/170127_D00343_0158_BCACCTANXX_Cescon/Sample_47904/47904_AGATGT_L006_R2.fastq.gz
73471_TGAAGA_L008	/cluster/projects/livingbank/data/Cescon_PDX/fastq/Exome_data/170127_D00343_0158_BCACCTANXX_Cescon/Sample_73471/73471_TGAAGA_L008_R1.fastq.gz	/cluster/projects/livingbank/data/Cescon_PDX/fastq/Exome_data/170127_D00343_0158_BCACCTANXX_Cescon/Sample_73471/73471_TGAAGA_L008_R2.fastq.gz
21046_AGATCG_L008	/cluster/projects/livingbank/data/Cescon_PDX/fastq/Exome_data/170127_D00343_0158_BCACCTANXX_Cescon/Sample_21046/21046_AGATCG_L008_R1.fastq.gz	/cluster/projects/livingbank/data/Cescon_PDX/fastq/Exome_data/170127_D00343_0158_BCACCTANXX_Cescon/Sample_21046/21046_AGATCG_L008_R2.fastq.gz
48602_CCGAAG_L007	/cluster/projects/livingbank/data/Cescon_PDX/fastq/Exome_data/170127_D00343_0158_BCACCTANXX_Cescon/Sample_48602/48602_CCGAAG_L007_R1.fastq.gz	/cluster/projects/livingbank/data/Cescon_PDX/fastq/Exome_data/170127_D00343_0158_BCACCTANXX_Cescon/Sample_48602/48602_CCGAAG_L007_R2.fastq.gz
28077_AAGAGA_L008	/cluster/projects/livingbank/data/Cescon_PDX/fastq/Exome_data/170127_D00343_0158_BCACCTANXX_Cescon/Sample_28077/28077_AAGAGA_L008_R1.fastq.gz	/cluster/projects/livingbank/data/Cescon_PDX/fastq/Exome_data/170127_D00343_0158_BCACCTANXX_Cescon/Sample_28077/28077_AAGAGA_L008_R2.fastq.gz
71208_CAACCA_L008	/cluster/projects/livingbank/data/Cescon_PDX/fastq/Exome_data/170127_D00343_0158_BCACCTANXX_Cescon/Sample_71208/71208_CAACCA_L008_R1.fastq.gz	/cluster/projects/livingbank/data/Cescon_PDX/fastq/Exome_data/170127_D00343_0158_BCACCTANXX_Cescon/Sample_71208/71208_CAACCA_L008_R2.fastq.gz
20710_TCCGTC_L006	/cluster/projects/livingbank/data/Cescon_PDX/fastq/Exome_data/170127_D00343_0158_BCACCTANXX_Cescon/Sample_20710/20710_TCCGTC_L006_R1.fastq.gz	/cluster/projects/livingbank/data/Cescon_PDX/fastq/Exome_data/170127_D00343_0158_BCACCTANXX_Cescon/Sample_20710/20710_TCCGTC_L006_R2.fastq.gz
66280_CGCATA_L007	/cluster/projects/livingbank/data/Cescon_PDX/fastq/Exome_data/170127_D00343_0158_BCACCTANXX_Cescon/Sample_66280/66280_CGCATA_L007_R1.fastq.gz	/cluster/projects/livingbank/data/Cescon_PDX/fastq/Exome_data/170127_D00343_0158_BCACCTANXX_Cescon/Sample_66280/66280_CGCATA_L007_R2.fastq.gz
66684_AATGTT_L007	/cluster/projects/livingbank/data/Cescon_PDX/fastq/Exome_data/170127_D00343_0158_BCACCTANXX_Cescon/Sample_66684/66684_AATGTT_L007_R1.fastq.gz	/cluster/projects/livingbank/data/Cescon_PDX/fastq/Exome_data/170127_D00343_0158_BCACCTANXX_Cescon/Sample_66684/66684_AATGTT_L007_R2.fastq.gz
23223_AGGCTA_L006	/cluster/projects/livingbank/data/Cescon_PDX/fastq/Exome_data/170127_D00343_0158_BCACCTANXX_Cescon/Sample_23223/23223_AGGCTA_L006_R1.fastq.gz	/cluster/projects/livingbank/data/Cescon_PDX/fastq/Exome_data/170127_D00343_0158_BCACCTANXX_Cescon/Sample_23223/23223_AGGCTA_L006_R2.fastq.gz
44441_CCATCC_L006	/cluster/projects/livingbank/data/Cescon_PDX/fastq/Exome_data/170127_D00343_0158_BCACCTANXX_Cescon/Sample_44441/44441_CCATCC_L006_R1.fastq.gz	/cluster/projects/livingbank/data/Cescon_PDX/fastq/Exome_data/170127_D00343_0158_BCACCTANXX_Cescon/Sample_44441/44441_CCATCC_L006_R2.fastq.gz
18674_CTCAAT_L006	/cluster/projects/livingbank/data/Cescon_PDX/fastq/Exome_data/170127_D00343_0158_BCACCTANXX_Cescon/Sample_18674/18674_CTCAAT_L006_R1.fastq.gz	/cluster/projects/livingbank/data/Cescon_PDX/fastq/Exome_data/170127_D00343_0158_BCACCTANXX_Cescon/Sample_18674/18674_CTCAAT_L006_R2.fastq.gz
73062_CCTCTA_L008	/cluster/projects/livingbank/data/Cescon_PDX/fastq/Exome_data/170127_D00343_0158_BCACCTANXX_Cescon/Sample_73062/73062_CCTCTA_L008_R1.fastq.gz	/cluster/projects/livingbank/data/Cescon_PDX/fastq/Exome_data/170127_D00343_0158_BCACCTANXX_Cescon/Sample_73062/73062_CCTCTA_L008_R2.fastq.gz
72877_TGGAAC_L008	/cluster/projects/livingbank/data/Cescon_PDX/fastq/Exome_data/170127_D00343_0158_BCACCTANXX_Cescon/Sample_72877/72877_TGGAAC_L008_R1.fastq.gz	/cluster/projects/livingbank/data/Cescon_PDX/fastq/Exome_data/170127_D00343_0158_BCACCTANXX_Cescon/Sample_72877/72877_TGGAAC_L008_R2.fastq.gz
48342_TCTTCA_L007	/cluster/projects/livingbank/data/Cescon_PDX/fastq/Exome_data/170127_D00343_0158_BCACCTANXX_Cescon/Sample_48342/48342_TCTTCA_L007_R1.fastq.gz	/cluster/projects/livingbank/data/Cescon_PDX/fastq/Exome_data/170127_D00343_0158_BCACCTANXX_Cescon/Sample_48342/48342_TCTTCA_L007_R2.fastq.gz
53782_S2_L001	/cluster/projects/livingbank/data/Cescon_PDX/fastq/Exome_data/180514_D00165_0201_ACCG5BANXX_Cescon_Zhibin/53782_S2_L001_R1_001.fastq.gz	/cluster/projects/livingbank/data/Cescon_PDX/fastq/Exome_data/180514_D00165_0201_ACCG5BANXX_Cescon_Zhibin/53782_S2_L001_R2_001.fastq.gz
REF_025_S3_L001	/cluster/projects/livingbank/data/Cescon_PDX/fastq/Exome_data/180514_D00165_0201_ACCG5BANXX_Cescon_Zhibin/REF_025_S3_L001_R1_001.fastq.gz	/cluster/projects/livingbank/data/Cescon_PDX/fastq/Exome_data/180514_D00165_0201_ACCG5BANXX_Cescon_Zhibin/REF_025_S3_L001_R2_001.fastq.gz
INS-B-019_S1_L001	/cluster/projects/livingbank/data/Cescon_PDX/fastq/Exome_data/180514_D00165_0201_ACCG5BANXX_Cescon_Zhibin/INS-B-019_S1_L001_R1_001.fastq.gz	/cluster/projects/livingbank/data/Cescon_PDX/fastq/Exome_data/180514_D00165_0201_ACCG5BANXX_Cescon_Zhibin/INS-B-019_S1_L001_R2_001.fastq.gz
87654_S8_L001	/cluster/projects/livingbank/data/Cescon_PDX/fastq/Exome_data/181102_D00165_0236_ACCVR4ANXX_Cescon_Natalie/87654_S8_L001_R1_001.fastq.gz	/cluster/projects/livingbank/data/Cescon_PDX/fastq/Exome_data/181102_D00165_0236_ACCVR4ANXX_Cescon_Natalie/87654_S8_L001_R2_001.fastq.gz
REF_025_S6_L001	/cluster/projects/livingbank/data/Cescon_PDX/fastq/Exome_data/181102_D00165_0236_ACCVR4ANXX_Cescon_Natalie/REF_025_S6_L001_R1_001.fastq.gz	/cluster/projects/livingbank/data/Cescon_PDX/fastq/Exome_data/181102_D00165_0236_ACCVR4ANXX_Cescon_Natalie/REF_025_S6_L001_R2_001.fastq.gz
REF_024_S9_L002	/cluster/projects/livingbank/data/Cescon_PDX/fastq/Exome_data/181102_D00165_0236_ACCVR4ANXX_Cescon_Natalie/REF_024_S9_L002_R1_001.fastq.gz	/cluster/projects/livingbank/data/Cescon_PDX/fastq/Exome_data/181102_D00165_0236_ACCVR4ANXX_Cescon_Natalie/REF_024_S9_L002_R2_001.fastq.gz
38807_S11_L002	/cluster/projects/livingbank/data/Cescon_PDX/fastq/Exome_data/181102_D00165_0236_ACCVR4ANXX_Cescon_Natalie/38807_S11_L002_R1_001.fastq.gz	/cluster/projects/livingbank/data/Cescon_PDX/fastq/Exome_data/181102_D00165_0236_ACCVR4ANXX_Cescon_Natalie/38807_S11_L002_R2_001.fastq.gz
REF013_S10_L002	/cluster/projects/livingbank/data/Cescon_PDX/fastq/Exome_data/181102_D00165_0236_ACCVR4ANXX_Cescon_Natalie/REF013_S10_L002_R1_001.fastq.gz	/cluster/projects/livingbank/data/Cescon_PDX/fastq/Exome_data/181102_D00165_0236_ACCVR4ANXX_Cescon_Natalie/REF013_S10_L002_R2_001.fastq.gz
44205_S7_L001	/cluster/projects/livingbank/data/Cescon_PDX/fastq/Exome_data/181102_D00165_0236_ACCVR4ANXX_Cescon_Natalie/44205_S7_L001_R1_001.fastq.gz	/cluster/projects/livingbank/data/Cescon_PDX/fastq/Exome_data/181102_D00165_0236_ACCVR4ANXX_Cescon_Natalie/44205_S7_L001_R2_001.fastq.gz
Cescon_exome_dil_60_CATCAAGT_L004	/cluster/projects/livingbank/data/Cescon_PDX/fastq/Exome_data/170623_D00355_0166_ACB9BAANXX_Cescon_Natalie/Sample_Cescon_exome_dil_60/Cescon_exome_dil_60_CATCAAGT_L004_R1.fastq.gz	/cluster/projects/livingbank/data/Cescon_PDX/fastq/Exome_data/170623_D00355_0166_ACB9BAANXX_Cescon_Natalie/Sample_Cescon_exome_dil_60/Cescon_exome_dil_60_CATCAAGT_L004_R2.fastq.gz
Cescon_exome_dil_53_ATCCTGTA_L002	/cluster/projects/livingbank/data/Cescon_PDX/fastq/Exome_data/170623_D00355_0166_ACB9BAANXX_Cescon_Natalie/Sample_Cescon_exome_dil_53/Cescon_exome_dil_53_ATCCTGTA_L002_R1.fastq.gz	/cluster/projects/livingbank/data/Cescon_PDX/fastq/Exome_data/170623_D00355_0166_ACB9BAANXX_Cescon_Natalie/Sample_Cescon_exome_dil_53/Cescon_exome_dil_53_ATCCTGTA_L002_R2.fastq.gz
Cescon_exome_dil_48_ACTATGCA_L002	/cluster/projects/livingbank/data/Cescon_PDX/fastq/Exome_data/170623_D00355_0166_ACB9BAANXX_Cescon_Natalie/Sample_Cescon_exome_dil_48/Cescon_exome_dil_48_ACTATGCA_L002_R1.fastq.gz	/cluster/projects/livingbank/data/Cescon_PDX/fastq/Exome_data/170623_D00355_0166_ACB9BAANXX_Cescon_Natalie/Sample_Cescon_exome_dil_48/Cescon_exome_dil_48_ACTATGCA_L002_R2.fastq.gz
Cescon_exome_dil_44_ACCACTGT_L001	/cluster/projects/livingbank/data/Cescon_PDX/fastq/Exome_data/170623_D00355_0166_ACB9BAANXX_Cescon_Natalie/Sample_Cescon_exome_dil_44/Cescon_exome_dil_44_ACCACTGT_L001_R1.fastq.gz	/cluster/projects/livingbank/data/Cescon_PDX/fastq/Exome_data/170623_D00355_0166_ACB9BAANXX_Cescon_Natalie/Sample_Cescon_exome_dil_44/Cescon_exome_dil_44_ACCACTGT_L001_R2.fastq.gz
Cescon_exome_dil_51_GCTAACGA_L002	/cluster/projects/livingbank/data/Cescon_PDX/fastq/Exome_data/170623_D00355_0166_ACB9BAANXX_Cescon_Natalie/Sample_Cescon_exome_dil_51/Cescon_exome_dil_51_GCTAACGA_L002_R1.fastq.gz	/cluster/projects/livingbank/data/Cescon_PDX/fastq/Exome_data/170623_D00355_0166_ACB9BAANXX_Cescon_Natalie/Sample_Cescon_exome_dil_51/Cescon_exome_dil_51_GCTAACGA_L002_R2.fastq.gz
Cescon_exome_dil_54_CTGTAGCC_L003	/cluster/projects/livingbank/data/Cescon_PDX/fastq/Exome_data/170623_D00355_0166_ACB9BAANXX_Cescon_Natalie/Sample_Cescon_exome_dil_54/Cescon_exome_dil_54_CTGTAGCC_L003_R1.fastq.gz	/cluster/projects/livingbank/data/Cescon_PDX/fastq/Exome_data/170623_D00355_0166_ACB9BAANXX_Cescon_Natalie/Sample_Cescon_exome_dil_54/Cescon_exome_dil_54_CTGTAGCC_L003_R2.fastq.gz
Cescon_exome_dil_64_CCTAATCC_L004	/cluster/projects/livingbank/data/Cescon_PDX/fastq/Exome_data/170623_D00355_0166_ACB9BAANXX_Cescon_Natalie/Sample_Cescon_exome_dil_64/Cescon_exome_dil_64_CCTAATCC_L004_R1.fastq.gz	/cluster/projects/livingbank/data/Cescon_PDX/fastq/Exome_data/170623_D00355_0166_ACB9BAANXX_Cescon_Natalie/Sample_Cescon_exome_dil_64/Cescon_exome_dil_64_CCTAATCC_L004_R2.fastq.gz
Cescon_exome_dil_46_ACCTCCAA_L001	/cluster/projects/livingbank/data/Cescon_PDX/fastq/Exome_data/170623_D00355_0166_ACB9BAANXX_Cescon_Natalie/Sample_Cescon_exome_dil_46/Cescon_exome_dil_46_ACCTCCAA_L001_R1.fastq.gz	/cluster/projects/livingbank/data/Cescon_PDX/fastq/Exome_data/170623_D00355_0166_ACB9BAANXX_Cescon_Natalie/Sample_Cescon_exome_dil_46/Cescon_exome_dil_46_ACCTCCAA_L001_R2.fastq.gz
Cescon_exome_dil_43_GCCACATA_L001	/cluster/projects/livingbank/data/Cescon_PDX/fastq/Exome_data/170623_D00355_0166_ACB9BAANXX_Cescon_Natalie/Sample_Cescon_exome_dil_43/Cescon_exome_dil_43_GCCACATA_L001_R1.fastq.gz	/cluster/projects/livingbank/data/Cescon_PDX/fastq/Exome_data/170623_D00355_0166_ACB9BAANXX_Cescon_Natalie/Sample_Cescon_exome_dil_43/Cescon_exome_dil_43_GCCACATA_L001_R2.fastq.gz
Cescon_exome_dil_52_CAGATCTG_L002	/cluster/projects/livingbank/data/Cescon_PDX/fastq/Exome_data/170623_D00355_0166_ACB9BAANXX_Cescon_Natalie/Sample_Cescon_exome_dil_52/Cescon_exome_dil_52_CAGATCTG_L002_R1.fastq.gz	/cluster/projects/livingbank/data/Cescon_PDX/fastq/Exome_data/170623_D00355_0166_ACB9BAANXX_Cescon_Natalie/Sample_Cescon_exome_dil_52/Cescon_exome_dil_52_CAGATCTG_L002_R2.fastq.gz
Cescon_exome_dil_58_AACGCTTA_L003	/cluster/projects/livingbank/data/Cescon_PDX/fastq/Exome_data/170623_D00355_0166_ACB9BAANXX_Cescon_Natalie/Sample_Cescon_exome_dil_58/Cescon_exome_dil_58_AACGCTTA_L003_R1.fastq.gz	/cluster/projects/livingbank/data/Cescon_PDX/fastq/Exome_data/170623_D00355_0166_ACB9BAANXX_Cescon_Natalie/Sample_Cescon_exome_dil_58/Cescon_exome_dil_58_AACGCTTA_L003_R2.fastq.gz
Cescon_exome_dil_61_AAGGTACA_L004	/cluster/projects/livingbank/data/Cescon_PDX/fastq/Exome_data/170623_D00355_0166_ACB9BAANXX_Cescon_Natalie/Sample_Cescon_exome_dil_61/Cescon_exome_dil_61_AAGGTACA_L004_R1.fastq.gz	/cluster/projects/livingbank/data/Cescon_PDX/fastq/Exome_data/170623_D00355_0166_ACB9BAANXX_Cescon_Natalie/Sample_Cescon_exome_dil_61/Cescon_exome_dil_61_AAGGTACA_L004_R2.fastq.gz
Cescon_exome_dil_45_CTGGCATA_L001	/cluster/projects/livingbank/data/Cescon_PDX/fastq/Exome_data/170623_D00355_0166_ACB9BAANXX_Cescon_Natalie/Sample_Cescon_exome_dil_45/Cescon_exome_dil_45_CTGGCATA_L001_R1.fastq.gz	/cluster/projects/livingbank/data/Cescon_PDX/fastq/Exome_data/170623_D00355_0166_ACB9BAANXX_Cescon_Natalie/Sample_Cescon_exome_dil_45/Cescon_exome_dil_45_CTGGCATA_L001_R2.fastq.gz
Cescon_exome_dil_92_AGCCATGC_L005	/cluster/projects/livingbank/data/Cescon_PDX/fastq/Exome_data/170623_D00355_0166_ACB9BAANXX_Cescon_Natalie/Sample_Cescon_exome_dil_92/Cescon_exome_dil_92_AGCCATGC_L005_R1.fastq.gz	/cluster/projects/livingbank/data/Cescon_PDX/fastq/Exome_data/170623_D00355_0166_ACB9BAANXX_Cescon_Natalie/Sample_Cescon_exome_dil_92/Cescon_exome_dil_92_AGCCATGC_L005_R2.fastq.gz
Cescon_exome_dil_62_CGCTGATC_L004	/cluster/projects/livingbank/data/Cescon_PDX/fastq/Exome_data/170623_D00355_0166_ACB9BAANXX_Cescon_Natalie/Sample_Cescon_exome_dil_62/Cescon_exome_dil_62_CGCTGATC_L004_R1.fastq.gz	/cluster/projects/livingbank/data/Cescon_PDX/fastq/Exome_data/170623_D00355_0166_ACB9BAANXX_Cescon_Natalie/Sample_Cescon_exome_dil_62/Cescon_exome_dil_62_CGCTGATC_L004_R2.fastq.gz
Cescon_exome_dil_56_ACACGACC_L003	/cluster/projects/livingbank/data/Cescon_PDX/fastq/Exome_data/170623_D00355_0166_ACB9BAANXX_Cescon_Natalie/Sample_Cescon_exome_dil_56/Cescon_exome_dil_56_ACACGACC_L003_R1.fastq.gz	/cluster/projects/livingbank/data/Cescon_PDX/fastq/Exome_data/170623_D00355_0166_ACB9BAANXX_Cescon_Natalie/Sample_Cescon_exome_dil_56/Cescon_exome_dil_56_ACACGACC_L003_R2.fastq.gz
Cescon_exome_dil_59_GGAGAACA_L003	/cluster/projects/livingbank/data/Cescon_PDX/fastq/Exome_data/170623_D00355_0166_ACB9BAANXX_Cescon_Natalie/Sample_Cescon_exome_dil_59/Cescon_exome_dil_59_GGAGAACA_L003_R1.fastq.gz	/cluster/projects/livingbank/data/Cescon_PDX/fastq/Exome_data/170623_D00355_0166_ACB9BAANXX_Cescon_Natalie/Sample_Cescon_exome_dil_59/Cescon_exome_dil_59_GGAGAACA_L003_R2.fastq.gz
Cescon_exome_dil_65_CTGAGCCA_L004	/cluster/projects/livingbank/data/Cescon_PDX/fastq/Exome_data/170623_D00355_0166_ACB9BAANXX_Cescon_Natalie/Sample_Cescon_exome_dil_65/Cescon_exome_dil_65_CTGAGCCA_L004_R1.fastq.gz	/cluster/projects/livingbank/data/Cescon_PDX/fastq/Exome_data/170623_D00355_0166_ACB9BAANXX_Cescon_Natalie/Sample_Cescon_exome_dil_65/Cescon_exome_dil_65_CTGAGCCA_L004_R2.fastq.gz
Cescon_exome_dil_57_AGTCACTA_L003	/cluster/projects/livingbank/data/Cescon_PDX/fastq/Exome_data/170623_D00355_0166_ACB9BAANXX_Cescon_Natalie/Sample_Cescon_exome_dil_57/Cescon_exome_dil_57_AGTCACTA_L003_R1.fastq.gz	/cluster/projects/livingbank/data/Cescon_PDX/fastq/Exome_data/170623_D00355_0166_ACB9BAANXX_Cescon_Natalie/Sample_Cescon_exome_dil_57/Cescon_exome_dil_57_AGTCACTA_L003_R2.fastq.gz
Cescon_exome_dil_42_ATCATTCC_L001	/cluster/projects/livingbank/data/Cescon_PDX/fastq/Exome_data/170623_D00355_0166_ACB9BAANXX_Cescon_Natalie/Sample_Cescon_exome_dil_42/Cescon_exome_dil_42_ATCATTCC_L001_R1.fastq.gz	/cluster/projects/livingbank/data/Cescon_PDX/fastq/Exome_data/170623_D00355_0166_ACB9BAANXX_Cescon_Natalie/Sample_Cescon_exome_dil_42/Cescon_exome_dil_42_ATCATTCC_L001_R2.fastq.gz
Cescon_exome_dil_93r_GTACGCAA_L005	/cluster/projects/livingbank/data/Cescon_PDX/fastq/Exome_data/170623_D00355_0166_ACB9BAANXX_Cescon_Natalie/Sample_Cescon_exome_dil_93r/Cescon_exome_dil_93r_GTACGCAA_L005_R1.fastq.gz	/cluster/projects/livingbank/data/Cescon_PDX/fastq/Exome_data/170623_D00355_0166_ACB9BAANXX_Cescon_Natalie/Sample_Cescon_exome_dil_93r/Cescon_exome_dil_93r_GTACGCAA_L005_R2.fastq.gz
Cescon_exome_dil_50_AACTCACC_L002	/cluster/projects/livingbank/data/Cescon_PDX/fastq/Exome_data/170623_D00355_0166_ACB9BAANXX_Cescon_Natalie/Sample_Cescon_exome_dil_50/Cescon_exome_dil_50_AACTCACC_L002_R1.fastq.gz	/cluster/projects/livingbank/data/Cescon_PDX/fastq/Exome_data/170623_D00355_0166_ACB9BAANXX_Cescon_Natalie/Sample_Cescon_exome_dil_50/Cescon_exome_dil_50_AACTCACC_L002_R2.fastq.gz
Cescon_exome_dil_63_GGTGCGAA_L004	/cluster/projects/livingbank/data/Cescon_PDX/fastq/Exome_data/170623_D00355_0166_ACB9BAANXX_Cescon_Natalie/Sample_Cescon_exome_dil_63/Cescon_exome_dil_63_GGTGCGAA_L004_R1.fastq.gz	/cluster/projects/livingbank/data/Cescon_PDX/fastq/Exome_data/170623_D00355_0166_ACB9BAANXX_Cescon_Natalie/Sample_Cescon_exome_dil_63/Cescon_exome_dil_63_GGTGCGAA_L004_R2.fastq.gz
Cescon_exome_dil_49_CGGATTGC_L002	/cluster/projects/livingbank/data/Cescon_PDX/fastq/Exome_data/170623_D00355_0166_ACB9BAANXX_Cescon_Natalie/Sample_Cescon_exome_dil_49/Cescon_exome_dil_49_CGGATTGC_L002_R1.fastq.gz	/cluster/projects/livingbank/data/Cescon_PDX/fastq/Exome_data/170623_D00355_0166_ACB9BAANXX_Cescon_Natalie/Sample_Cescon_exome_dil_49/Cescon_exome_dil_49_CGGATTGC_L002_R2.fastq.gz
Cescon_exome_dil_55_GCTCGGTA_L003	/cluster/projects/livingbank/data/Cescon_PDX/fastq/Exome_data/170623_D00355_0166_ACB9BAANXX_Cescon_Natalie/Sample_Cescon_exome_dil_55/Cescon_exome_dil_55_GCTCGGTA_L003_R1.fastq.gz	/cluster/projects/livingbank/data/Cescon_PDX/fastq/Exome_data/170623_D00355_0166_ACB9BAANXX_Cescon_Natalie/Sample_Cescon_exome_dil_55/Cescon_exome_dil_55_GCTCGGTA_L003_R2.fastq.gz
Cescon_exome_dil_47_GCGAGTAA_L001	/cluster/projects/livingbank/data/Cescon_PDX/fastq/Exome_data/170623_D00355_0166_ACB9BAANXX_Cescon_Natalie/Sample_Cescon_exome_dil_47/Cescon_exome_dil_47_GCGAGTAA_L001_R1.fastq.gz	/cluster/projects/livingbank/data/Cescon_PDX/fastq/Exome_data/170623_D00355_0166_ACB9BAANXX_Cescon_Natalie/Sample_Cescon_exome_dil_47/Cescon_exome_dil_47_GCGAGTAA_L001_R2.fastq.gz
REF-S-030_P1_S153_L008	/cluster/projects/livingbank/data/Cescon_PDX/fastq/Exome_data/190312_D00165_0268_ACDL85ANXX_Cescon_Natalie/REF-S-030_P1_S153_L008_R1_001.fastq.gz	/cluster/projects/livingbank/data/Cescon_PDX/fastq/Exome_data/190312_D00165_0268_ACDL85ANXX_Cescon_Natalie/REF-S-030_P1_S153_L008_R2_001.fastq.gz
REF-023_P1_S154_L008	/cluster/projects/livingbank/data/Cescon_PDX/fastq/Exome_data/190312_D00165_0268_ACDL85ANXX_Cescon_Natalie/REF-023_P1_S154_L008_R1_001.fastq.gz	/cluster/projects/livingbank/data/Cescon_PDX/fastq/Exome_data/190312_D00165_0268_ACDL85ANXX_Cescon_Natalie/REF-023_P1_S154_L008_R2_001.fastq.gz
REF_020_S152_L008	/cluster/projects/livingbank/data/Cescon_PDX/fastq/Exome_data/190312_D00165_0268_ACDL85ANXX_Cescon_Natalie/REF_020_S152_L008_R1_001.fastq.gz	/cluster/projects/livingbank/data/Cescon_PDX/fastq/Exome_data/190312_D00165_0268_ACDL85ANXX_Cescon_Natalie/REF_020_S152_L008_R2_001.fastq.gz
90189_P1_S155_L008	/cluster/projects/livingbank/data/Cescon_PDX/fastq/Exome_data/190312_D00165_0268_ACDL85ANXX_Cescon_Natalie/90189_P1_S155_L008_R1_001.fastq.gz	/cluster/projects/livingbank/data/Cescon_PDX/fastq/Exome_data/190312_D00165_0268_ACDL85ANXX_Cescon_Natalie/90189_P1_S155_L008_R2_001.fastq.gz
REF_022_S75_L008	/cluster/projects/livingbank/data/Cescon_PDX/fastq/Exome_data/180329_D00165_0194_BCCBCCANXX_Cescon/REF_022_S75_L008_R1_001.fastq.gz	/cluster/projects/livingbank/data/Cescon_PDX/fastq/Exome_data/180329_D00165_0194_BCCBCCANXX_Cescon/REF_022_S75_L008_R2_001.fastq.gz
REF_019_S74_L008	/cluster/projects/livingbank/data/Cescon_PDX/fastq/Exome_data/180329_D00165_0194_BCCBCCANXX_Cescon/REF_019_S74_L008_R1_001.fastq.gz	/cluster/projects/livingbank/data/Cescon_PDX/fastq/Exome_data/180329_D00165_0194_BCCBCCANXX_Cescon/REF_019_S74_L008_R2_001.fastq.gz
REF_014_S14_L003	/cluster/projects/livingbank/data/Cescon_PDX/fastq/Exome_data/180329_D00165_0194_BCCBCCANXX_Cescon/REF_014_S14_L003_R1_001.fastq.gz	/cluster/projects/livingbank/data/Cescon_PDX/fastq/Exome_data/180329_D00165_0194_BCCBCCANXX_Cescon/REF_014_S14_L003_R2_001.fastq.gz
REF_016_S73_L008	/cluster/projects/livingbank/data/Cescon_PDX/fastq/Exome_data/180329_D00165_0194_BCCBCCANXX_Cescon/REF_016_S73_L008_R1_001.fastq.gz	/cluster/projects/livingbank/data/Cescon_PDX/fastq/Exome_data/180329_D00165_0194_BCCBCCANXX_Cescon/REF_016_S73_L008_R2_001.fastq.gz
REF-S-035_S14	/cluster/projects/bhklab/Data/biobank_merged_RNAseq/200130_A00827_0122_AHHLGVDRXX_Cescon_Natalie_Jeff/REF-S-035_S14/REF-S-035_S14_R1.fastq.gz	/cluster/projects/bhklab/Data/biobank_merged_RNAseq/200130_A00827_0122_AHHLGVDRXX_Cescon_Natalie_Jeff/REF-S-035_S14/REF-S-035_S14_R2.fastq.gz
REF-S-032B_S13	/cluster/projects/bhklab/Data/biobank_merged_RNAseq/200130_A00827_0122_AHHLGVDRXX_Cescon_Natalie_Jeff/REF-S-032B_S13/REF-S-032B_S13_R1.fastq.gz	/cluster/projects/bhklab/Data/biobank_merged_RNAseq/200130_A00827_0122_AHHLGVDRXX_Cescon_Natalie_Jeff/REF-S-032B_S13/REF-S-032B_S13_R2.fastq.gz
73263_CX_RES_P8_B_S20	/cluster/projects/bhklab/Data/biobank_merged_RNAseq/200130_A00827_0122_AHHLGVDRXX_Cescon_Natalie_Jeff/73263_CX_RES_P8_B_S20/73263_CX_RES_P8_B_S20_R1.fastq.gz	/cluster/projects/bhklab/Data/biobank_merged_RNAseq/200130_A00827_0122_AHHLGVDRXX_Cescon_Natalie_Jeff/73263_CX_RES_P8_B_S20/73263_CX_RES_P8_B_S20_R2.fastq.gz
104987_P1_S17	/cluster/projects/bhklab/Data/biobank_merged_RNAseq/200130_A00827_0122_AHHLGVDRXX_Cescon_Natalie_Jeff/104987_P1_S17/104987_P1_S17_R1.fastq.gz	/cluster/projects/bhklab/Data/biobank_merged_RNAseq/200130_A00827_0122_AHHLGVDRXX_Cescon_Natalie_Jeff/104987_P1_S17/104987_P1_S17_R2.fastq.gz
BPTO_51_S16	/cluster/projects/bhklab/Data/biobank_merged_RNAseq/200130_A00827_0122_AHHLGVDRXX_Cescon_Natalie_Jeff/BPTO_51_S16/BPTO_51_S16_R1.fastq.gz	/cluster/projects/bhklab/Data/biobank_merged_RNAseq/200130_A00827_0122_AHHLGVDRXX_Cescon_Natalie_Jeff/BPTO_51_S16/BPTO_51_S16_R2.fastq.gz
BPTO_63_S15	/cluster/projects/bhklab/Data/biobank_merged_RNAseq/200130_A00827_0122_AHHLGVDRXX_Cescon_Natalie_Jeff/BPTO_63_S15/BPTO_63_S15_R1.fastq.gz	/cluster/projects/bhklab/Data/biobank_merged_RNAseq/200130_A00827_0122_AHHLGVDRXX_Cescon_Natalie_Jeff/BPTO_63_S15/BPTO_63_S15_R2.fastq.gz
REF-S-038_P1_S19	/cluster/projects/bhklab/Data/biobank_merged_RNAseq/200130_A00827_0122_AHHLGVDRXX_Cescon_Natalie_Jeff/REF-S-038_P1_S19/REF-S-038_P1_S19_R1.fastq.gz	/cluster/projects/bhklab/Data/biobank_merged_RNAseq/200130_A00827_0122_AHHLGVDRXX_Cescon_Natalie_Jeff/REF-S-038_P1_S19/REF-S-038_P1_S19_R2.fastq.gz
REF_034_P1_S18	/cluster/projects/bhklab/Data/biobank_merged_RNAseq/200130_A00827_0122_AHHLGVDRXX_Cescon_Natalie_Jeff/REF_034_P1_S18/REF_034_P1_S18_R1.fastq.gz	/cluster/projects/bhklab/Data/biobank_merged_RNAseq/200130_A00827_0122_AHHLGVDRXX_Cescon_Natalie_Jeff/REF_034_P1_S18/REF_034_P1_S18_R2.fastq.gz
100534_P1_S12_L003	/cluster/projects/livingbank/data/Cescon_PDX/fastq/Exome_data/190620_D00165_0295_ACDPH5ANXX_Cescon_Abdel/100534_P1_S12_L003_R1_001.fastq.gz	/cluster/projects/livingbank/data/Cescon_PDX/fastq/Exome_data/190620_D00165_0295_ACDPH5ANXX_Cescon_Abdel/100534_P1_S12_L003_R2_001.fastq.gz